model,dtype,num_adapters,batch_size,lora_rank,seq_len,p50_ms,p90_ms,p95_ms,p99_ms,mean_ms,assemble_p50_ms,assemble_mean_ms,forward_p50_ms,forward_mean_ms,assemble_share_pct,throughput_samples_sec,peak_gpu_mem_gb,adapter_cache_gb,adapter_load_total_s,warmup,iters,seed,engine,target_modules,alloc_conf,status
facebook/xlm-roberta-xl,float16,100,8,8,128,34.34,34.38,34.43,35.25,34.38,2.628,2.642,31.716,31.733,7.7,232.7,7.638,0.59,0.04,50,200,1,hf,query+value,expandable_segments:True,ok
facebook/xlm-roberta-xl,float16,100,16,8,128,62.19,62.28,62.32,64.45,62.74,5.205,5.798,56.991,56.94,9.2,255.0,7.707,0.59,0.02,50,200,1,hf,query+value,expandable_segments:True,ok
facebook/xlm-roberta-xl,float16,100,32,8,128,121.87,122.18,122.24,123.69,122.75,10.208,11.117,111.669,111.633,9.1,260.7,7.844,0.59,0.02,50,200,1,hf,query+value,expandable_segments:True,ok
facebook/xlm-roberta-xl,float16,100,64,8,128,243.21,244.83,330.95,338.54,248.4,20.63,25.834,222.551,222.566,10.4,257.6,8.118,0.59,0.02,50,200,1,hf,query+value,expandable_segments:True,ok
facebook/xlm-roberta-xl,float16,100,128,8,128,526.73,616.89,618.8,624.72,541.08,41.481,55.883,485.21,485.194,10.3,236.6,8.667,0.59,0.02,50,200,1,hf,query+value,expandable_segments:True,ok
facebook/xlm-roberta-xl,float16,1000,8,8,128,34.81,34.85,34.87,34.98,34.81,2.652,2.657,32.161,32.151,7.6,229.8,12.993,5.898,0.36,50,200,1,hf,query+value,expandable_segments:True,ok
facebook/xlm-roberta-xl,float16,1000,16,8,128,62.54,62.65,62.69,62.86,63.02,5.206,5.68,57.32,57.337,9.0,253.9,13.062,5.898,0.22,50,200,1,hf,query+value,expandable_segments:True,ok
facebook/xlm-roberta-xl,float16,1000,32,4,128,123.18,123.45,123.57,125.51,124.11,10.304,11.292,112.853,112.813,9.1,257.8,10.25,2.949,0.55,50,200,1,hf,query+value,expandable_segments:True,ok
facebook/xlm-roberta-xl,float16,1000,32,8,128,122.39,122.52,122.63,127.31,122.9,10.27,10.819,112.122,112.076,8.8,260.4,13.199,5.898,0.21,50,200,1,hf,query+value,expandable_segments:True,ok
facebook/xlm-roberta-xl,float16,1000,32,16,128,122.77,122.91,123.01,125.25,123.7,10.279,11.223,112.497,112.481,9.1,258.7,19.097,11.796,3.05,50,200,1,hf,query+value,expandable_segments:True,ok
facebook/xlm-roberta-xl,float16,1000,32,32,128,123.3,123.51,123.76,212.92,124.69,10.296,11.692,113.007,112.994,9.4,256.6,30.894,23.593,0.36,50,200,1,hf,query+value,expandable_segments:True,ok
facebook/xlm-roberta-xl,float16,1000,64,8,128,243.65,244.59,331.8,336.69,248.72,20.843,25.91,222.817,222.815,10.4,257.3,13.473,5.898,0.21,50,200,1,hf,query+value,expandable_segments:True,ok
facebook/xlm-roberta-xl,float16,1000,128,8,128,526.16,618.36,620.32,632.91,539.87,41.778,55.555,484.349,484.319,10.3,237.1,14.022,5.898,0.21,50,200,1,hf,query+value,expandable_segments:True,ok
facebook/xlm-roberta-xl,float16,2000,8,8,128,34.61,34.79,34.8,34.82,34.64,2.635,2.636,31.97,32.008,7.6,230.9,18.943,11.796,0.43,50,200,1,hf,query+value,expandable_segments:True,ok
facebook/xlm-roberta-xl,float16,2000,16,8,128,62.48,62.6,62.68,62.9,62.96,5.198,5.67,57.271,57.289,9.0,254.1,19.012,11.796,0.43,50,200,1,hf,query+value,expandable_segments:True,ok
facebook/xlm-roberta-xl,float16,2000,32,8,128,122.35,122.5,122.53,122.58,122.77,10.247,10.72,112.103,112.052,8.7,260.6,19.149,11.796,0.43,50,200,1,hf,query+value,expandable_segments:True,ok
facebook/xlm-roberta-xl,float16,2000,64,8,128,243.43,243.88,333.73,336.13,248.51,20.736,25.818,222.706,222.693,10.4,257.5,19.423,11.796,0.43,50,200,1,hf,query+value,expandable_segments:True,ok
facebook/xlm-roberta-xl,float16,2000,128,8,128,526.13,618.45,620.01,625.64,539.36,41.769,54.999,484.331,484.36,10.2,237.3,19.972,11.796,0.52,50,200,1,hf,query+value,expandable_segments:True,ok
facebook/xlm-roberta-xl,float16,4000,8,8,128,34.57,34.74,34.76,34.79,34.6,2.642,2.643,31.928,31.955,7.6,231.2,30.843,23.593,0.95,50,200,1,hf,query+value,expandable_segments:True,ok
facebook/xlm-roberta-xl,float16,4000,16,8,128,62.42,62.52,62.54,62.65,62.9,5.22,5.704,57.196,57.196,9.1,254.4,30.912,23.593,0.86,50,200,1,hf,query+value,expandable_segments:True,ok
facebook/xlm-roberta-xl,float16,4000,32,8,128,122.36,122.59,122.64,124.24,123.28,10.355,11.327,112.022,111.957,9.2,259.6,31.049,23.593,0.86,50,200,1,hf,query+value,expandable_segments:True,ok
facebook/xlm-roberta-xl,float16,4000,64,8,128,243.3,243.84,336.27,342.04,248.54,20.721,26.026,222.507,222.511,10.5,257.5,31.323,23.593,0.95,50,200,1,hf,query+value,expandable_segments:True,ok
facebook/xlm-roberta-xl,float16,4000,128,8,128,524.3,618.82,620.04,621.46,537.15,41.855,54.749,482.318,482.397,10.2,238.3,31.872,23.593,0.86,50,200,1,hf,query+value,expandable_segments:True,ok
facebook/xlm-roberta-xl,float16,6000,8,8,128,34.64,34.81,34.84,34.85,34.67,2.662,2.662,31.972,32.005,7.7,230.8,42.743,35.389,1.47,50,200,1,hf,query+value,expandable_segments:True,ok
facebook/xlm-roberta-xl,float16,6000,16,8,128,62.51,62.62,62.66,62.78,62.52,5.254,5.262,57.249,57.259,8.4,255.9,42.811,35.389,1.3,50,200,1,hf,query+value,expandable_segments:True,ok
facebook/xlm-roberta-xl,float16,6000,32,8,128,122.27,122.47,122.52,123.8,122.72,10.294,10.835,111.965,111.882,8.8,260.8,42.949,35.389,1.42,50,200,1,hf,query+value,expandable_segments:True,ok
facebook/xlm-roberta-xl,float16,6000,64,8,128,243.4,243.86,249.3,342.63,248.37,20.794,25.789,222.594,222.586,10.4,257.7,43.223,35.389,1.39,50,200,1,hf,query+value,expandable_segments:True,ok
facebook/xlm-roberta-xl,float16,6000,128,8,128,524.89,622.99,624.64,634.53,538.0,41.843,54.974,483.034,483.03,10.2,237.9,43.772,35.389,1.39,50,200,1,hf,query+value,expandable_segments:True,ok
facebook/xlm-roberta-xl,float16,8000,8,8,128,34.59,34.75,34.77,34.83,35.11,2.653,3.145,31.929,31.963,9.0,227.9,54.643,47.186,1.89,50,200,1,hf,query+value,expandable_segments:True,ok
facebook/xlm-roberta-xl,float16,8000,16,8,128,62.51,62.61,62.63,62.65,63.0,5.236,5.738,57.257,57.265,9.1,254.0,54.711,47.186,1.72,50,200,1,hf,query+value,expandable_segments:True,ok
facebook/xlm-roberta-xl,float16,8000,32,8,128,122.39,122.69,122.79,220.07,123.9,10.331,11.888,112.068,112.014,9.6,258.3,54.849,47.186,1.73,50,200,1,hf,query+value,expandable_segments:True,ok
facebook/xlm-roberta-xl,float16,8000,64,8,128,243.61,244.05,244.3,344.55,248.05,20.845,25.31,222.763,222.744,10.2,258.0,55.123,47.186,1.73,50,200,1,hf,query+value,expandable_segments:True,ok
facebook/xlm-roberta-xl,float16,8000,128,8,128,525.62,625.93,627.19,633.58,538.32,41.907,54.645,483.685,483.673,10.2,237.8,55.672,47.186,1.82,50,200,1,hf,query+value,expandable_segments:True,ok
facebook/xlm-roberta-xl,float16,11000,8,8,128,34.55,34.64,34.73,34.76,34.57,2.657,2.659,31.892,31.909,7.7,231.4,72.493,64.881,2.73,50,200,1,hf,query+value,expandable_segments:True,ok
facebook/xlm-roberta-xl,float16,11000,16,8,128,62.77,63.08,63.22,67.52,62.93,5.43,5.585,57.332,57.346,8.9,254.2,72.561,64.881,2.37,50,200,1,hf,query+value,expandable_segments:True,ok
facebook/xlm-roberta-xl,float16,11000,32,8,128,122.54,122.78,123.29,223.05,124.29,10.405,12.124,112.139,112.169,9.8,257.5,72.698,64.881,2.48,50,200,1,hf,query+value,expandable_segments:True,ok
facebook/xlm-roberta-xl,float16,11000,64,8,128,243.49,243.89,244.24,348.5,248.17,20.797,25.496,222.662,222.671,10.3,257.9,72.973,64.881,2.37,50,200,1,hf,query+value,expandable_segments:True,ok
facebook/xlm-roberta-xl,float16,11000,128,8,128,525.12,630.21,637.44,653.65,538.3,42.169,55.405,482.87,482.891,10.3,237.8,73.522,64.881,2.47,50,200,1,hf,query+value,expandable_segments:True,ok
facebook/xlm-roberta-xl,float16,100,8,8,128,34.59,34.76,34.8,34.96,35.07,2.689,3.138,31.893,31.928,9.0,228.1,7.638,0.59,0.02,50,200,2,hf,query+value,expandable_segments:True,ok
facebook/xlm-roberta-xl,float16,100,16,8,128,62.48,62.58,62.64,62.93,63.02,5.317,5.853,57.161,57.162,9.3,253.9,7.707,0.59,0.02,50,200,2,hf,query+value,expandable_segments:True,ok
facebook/xlm-roberta-xl,float16,100,32,8,128,122.39,122.55,122.63,123.1,122.85,10.462,10.935,111.948,111.915,8.9,260.5,7.844,0.59,0.02,50,200,2,hf,query+value,expandable_segments:True,ok
facebook/xlm-roberta-xl,float16,100,64,8,128,243.59,244.38,332.43,335.72,248.69,21.252,26.321,222.362,222.366,10.6,257.4,8.118,0.59,0.02,50,200,2,hf,query+value,expandable_segments:True,ok
facebook/xlm-roberta-xl,float16,100,128,8,128,528.77,626.99,659.49,673.15,547.0,43.393,61.73,485.313,485.275,11.3,234.0,8.667,0.59,0.02,50,200,2,hf,query+value,expandable_segments:True,ok
facebook/xlm-roberta-xl,float16,1000,8,8,128,34.86,34.93,34.95,35.19,35.53,2.705,3.411,32.168,32.118,9.6,225.2,12.993,5.898,0.23,50,200,2,hf,query+value,expandable_segments:True,ok
facebook/xlm-roberta-xl,float16,1000,16,8,128,62.72,62.85,62.89,63.13,63.56,5.356,6.194,57.355,57.367,9.7,251.7,13.062,5.898,0.23,50,200,2,hf,query+value,expandable_segments:True,ok
facebook/xlm-roberta-xl,float16,1000,32,4,128,123.66,124.19,124.83,129.84,124.62,10.665,11.647,113.019,112.973,9.3,256.8,10.25,2.949,0.22,50,200,2,hf,query+value,expandable_segments:True,ok
facebook/xlm-roberta-xl,float16,1000,32,8,128,122.73,122.86,122.9,123.1,123.5,10.506,11.279,112.233,112.22,9.1,259.1,13.199,5.898,0.23,50,200,2,hf,query+value,expandable_segments:True,ok
facebook/xlm-roberta-xl,float16,1000,32,16,128,123.0,123.17,123.21,124.85,124.41,10.507,11.945,112.496,112.465,9.6,257.2,19.097,11.796,0.23,50,200,2,hf,query+value,expandable_segments:True,ok
facebook/xlm-roberta-xl,float16,1000,32,32,128,123.49,123.8,123.91,247.57,125.5,10.515,12.588,112.969,112.909,10.0,255.0,30.894,23.593,0.23,50,200,2,hf,query+value,expandable_segments:True,ok
facebook/xlm-roberta-xl,float16,1000,64,8,128,244.09,244.68,361.14,377.77,251.11,21.375,28.424,222.701,222.689,11.3,254.9,13.473,5.898,0.23,50,200,2,hf,query+value,expandable_segments:True,ok
facebook/xlm-roberta-xl,float16,1000,128,8,128,528.42,641.17,660.55,717.03,548.02,43.893,63.566,484.488,484.454,11.6,233.6,14.022,5.898,0.23,50,200,2,hf,query+value,expandable_segments:True,ok
facebook/xlm-roberta-xl,float16,2000,8,8,128,34.82,34.95,34.98,39.24,34.9,2.785,2.842,32.033,32.063,8.1,229.2,18.943,11.796,0.46,50,200,2,hf,query+value,expandable_segments:True,ok
facebook/xlm-roberta-xl,float16,2000,16,8,128,62.84,63.31,63.86,66.75,63.03,5.535,5.709,57.296,57.319,9.1,253.9,19.012,11.796,0.44,50,200,2,hf,query+value,expandable_segments:True,ok
facebook/xlm-roberta-xl,float16,2000,32,8,128,122.95,123.24,123.53,135.64,123.95,10.735,11.745,112.215,112.205,9.5,258.2,19.149,11.796,0.64,50,200,2,hf,query+value,expandable_segments:True,ok
facebook/xlm-roberta-xl,float16,2000,64,8,128,244.38,245.01,343.8,347.74,250.17,21.659,27.441,222.736,222.726,11.0,255.8,19.423,11.796,0.46,50,200,2,hf,query+value,expandable_segments:True,ok
facebook/xlm-roberta-xl,float16,2000,128,8,128,528.32,628.5,632.52,651.42,543.71,43.728,59.211,484.509,484.496,10.9,235.4,19.972,11.796,0.48,50,200,2,hf,query+value,expandable_segments:True,ok
facebook/xlm-roberta-xl,float16,4000,8,8,128,34.92,34.98,35.11,36.93,34.97,2.743,2.809,32.186,32.16,8.0,228.8,30.843,23.593,0.92,50,200,2,hf,query+value,expandable_segments:True,ok
facebook/xlm-roberta-xl,float16,4000,16,8,128,62.75,62.98,63.05,70.74,63.58,5.408,6.229,57.329,57.353,9.8,251.6,30.912,23.593,0.94,50,200,2,hf,query+value,expandable_segments:True,ok
facebook/xlm-roberta-xl,float16,4000,32,8,128,122.81,123.05,123.15,220.67,124.35,10.66,12.239,112.163,112.116,9.8,257.3,31.049,23.593,0.93,50,200,2,hf,query+value,expandable_segments:True,ok
facebook/xlm-roberta-xl,float16,4000,64,8,128,244.04,244.54,249.8,346.87,249.17,21.406,26.534,222.641,222.632,10.6,256.9,31.323,23.593,0.92,50,200,2,hf,query+value,expandable_segments:True,ok
facebook/xlm-roberta-xl,float16,4000,128,8,128,525.45,627.42,631.29,633.73,538.97,43.249,56.86,482.129,482.11,10.5,237.5,31.872,23.593,1.02,50,200,2,hf,query+value,expandable_segments:True,ok
facebook/xlm-roberta-xl,float16,6000,8,8,128,34.75,34.8,34.95,34.98,34.76,2.717,2.718,32.028,32.044,7.8,230.1,42.743,35.389,1.48,50,200,2,hf,query+value,expandable_segments:True,ok
facebook/xlm-roberta-xl,float16,6000,16,8,128,62.65,62.7,62.73,62.87,62.66,5.361,5.369,57.289,57.291,8.6,255.3,42.811,35.389,1.48,50,200,2,hf,query+value,expandable_segments:True,ok
facebook/xlm-roberta-xl,float16,6000,32,8,128,122.58,122.85,122.95,125.2,123.69,10.552,11.712,112.032,111.974,9.5,258.7,42.949,35.389,1.38,50,200,2,hf,query+value,expandable_segments:True,ok
facebook/xlm-roberta-xl,float16,6000,64,8,128,244.1,244.57,250.34,353.17,249.5,21.36,26.79,222.736,222.712,10.7,256.5,43.223,35.389,1.38,50,200,2,hf,query+value,expandable_segments:True,ok
facebook/xlm-roberta-xl,float16,6000,128,8,128,526.11,632.92,635.8,649.82,540.46,43.209,57.623,482.84,482.834,10.7,236.8,43.772,35.389,1.38,50,200,2,hf,query+value,expandable_segments:True,ok
facebook/xlm-roberta-xl,float16,8000,8,8,128,34.71,34.75,34.78,34.92,34.72,2.724,2.728,31.986,31.991,7.9,230.4,54.643,47.186,1.96,50,200,2,hf,query+value,expandable_segments:True,ok
facebook/xlm-roberta-xl,float16,8000,16,8,128,62.64,62.72,62.74,62.83,63.22,5.362,5.939,57.278,57.277,9.4,253.1,54.711,47.186,1.95,50,200,2,hf,query+value,expandable_segments:True,ok
facebook/xlm-roberta-xl,float16,8000,32,8,128,122.67,122.99,123.08,230.78,124.35,10.636,12.382,112.046,111.971,10.0,257.3,54.849,47.186,1.84,50,200,2,hf,query+value,expandable_segments:True,ok
facebook/xlm-roberta-xl,float16,8000,64,8,128,244.27,244.69,245.01,356.09,249.25,21.402,26.407,222.846,222.844,10.6,256.8,55.123,47.186,1.83,50,200,2,hf,query+value,expandable_segments:True,ok
facebook/xlm-roberta-xl,float16,8000,128,8,128,527.15,637.83,642.25,661.4,541.78,43.177,57.871,483.894,483.909,10.7,236.3,55.672,47.186,1.94,50,200,2,hf,query+value,expandable_segments:True,ok
facebook/xlm-roberta-xl,float16,11000,8,8,128,34.67,34.72,34.79,34.97,34.69,2.72,2.73,31.951,31.958,7.9,230.6,72.493,64.881,2.52,50,200,2,hf,query+value,expandable_segments:True,ok
facebook/xlm-roberta-xl,float16,11000,16,8,128,62.69,62.75,62.78,62.98,62.7,5.374,5.382,57.315,57.316,8.6,255.2,72.561,64.881,2.53,50,200,2,hf,query+value,expandable_segments:True,ok
facebook/xlm-roberta-xl,float16,11000,32,8,128,122.71,123.01,123.11,236.52,125.07,10.644,13.05,112.083,112.023,10.4,255.9,72.698,64.881,2.65,50,200,2,hf,query+value,expandable_segments:True,ok
facebook/xlm-roberta-xl,float16,11000,64,8,128,244.04,244.57,248.24,365.78,249.4,21.351,26.749,222.682,222.653,10.7,256.6,72.973,64.881,2.52,50,200,2,hf,query+value,expandable_segments:True,ok
facebook/xlm-roberta-xl,float16,11000,128,8,128,525.88,638.8,642.47,661.83,539.79,42.954,56.884,482.874,482.909,10.5,237.1,73.522,64.881,2.59,50,200,2,hf,query+value,expandable_segments:True,ok
facebook/xlm-roberta-xl,float16,100,8,8,128,34.9,34.95,34.97,35.22,34.9,2.762,2.767,32.146,32.134,7.9,229.2,7.638,0.59,0.02,50,200,3,hf,query+value,expandable_segments:True,ok
facebook/xlm-roberta-xl,float16,100,16,8,128,62.68,62.8,62.86,63.01,62.71,5.441,5.455,57.234,57.251,8.7,255.2,7.707,0.59,0.02,50,200,3,hf,query+value,expandable_segments:True,ok
facebook/xlm-roberta-xl,float16,100,32,8,128,122.8,122.99,123.06,216.2,124.32,10.797,12.333,112.017,111.985,9.9,257.4,7.844,0.59,0.02,50,200,3,hf,query+value,expandable_segments:True,ok
facebook/xlm-roberta-xl,float16,100,64,8,128,244.63,247.12,337.15,344.17,250.22,21.94,27.56,222.652,222.66,11.0,255.8,8.118,0.59,0.02,50,200,3,hf,query+value,expandable_segments:True,ok
facebook/xlm-roberta-xl,float16,100,128,8,128,529.06,624.74,627.16,630.98,543.65,43.862,58.533,485.183,485.119,10.8,235.4,8.667,0.59,0.02,50,200,3,hf,query+value,expandable_segments:True,ok
facebook/xlm-roberta-xl,float16,1000,8,8,128,34.75,34.87,34.93,34.96,34.77,2.732,2.735,32.02,32.038,7.9,230.1,12.993,5.898,0.23,50,200,3,hf,query+value,expandable_segments:True,ok
facebook/xlm-roberta-xl,float16,1000,16,8,128,62.7,62.79,62.82,62.95,63.21,5.383,5.892,57.317,57.318,9.3,253.1,13.062,5.898,0.23,50,200,3,hf,query+value,expandable_segments:True,ok
facebook/xlm-roberta-xl,float16,1000,32,4,128,123.42,123.74,123.91,220.94,124.92,10.665,12.23,112.608,112.695,9.8,256.2,10.25,2.949,0.23,50,200,3,hf,query+value,expandable_segments:True,ok
facebook/xlm-roberta-xl,float16,1000,32,8,128,122.77,122.91,122.98,123.53,123.25,10.639,11.159,112.133,112.093,9.1,259.6,13.199,5.898,0.23,50,200,3,hf,query+value,expandable_segments:True,ok
facebook/xlm-roberta-xl,float16,1000,32,16,128,123.2,123.7,123.88,127.58,123.85,10.764,11.304,112.477,112.547,9.1,258.4,19.097,11.796,0.23,50,200,3,hf,query+value,expandable_segments:True,ok
facebook/xlm-roberta-xl,float16,1000,32,32,128,123.88,124.12,124.29,125.83,124.98,10.861,12.007,113.03,112.972,9.6,256.0,30.894,23.593,0.23,50,200,3,hf,query+value,expandable_segments:True,ok
facebook/xlm-roberta-xl,float16,1000,64,8,128,244.91,245.64,355.14,367.1,251.39,22.194,28.69,222.717,222.7,11.4,254.6,13.473,5.898,0.23,50,200,3,hf,query+value,expandable_segments:True,ok
facebook/xlm-roberta-xl,float16,1000,128,8,128,529.51,641.59,648.83,656.0,546.98,44.927,62.486,484.479,484.499,11.4,234.0,14.022,5.898,0.23,50,200,3,hf,query+value,expandable_segments:True,ok
facebook/xlm-roberta-xl,float16,2000,8,8,128,34.86,35.08,35.18,35.38,34.91,2.776,2.801,32.073,32.109,8.0,229.2,18.943,11.796,0.46,50,200,3,hf,query+value,expandable_segments:True,ok
facebook/xlm-roberta-xl,float16,2000,16,8,128,62.87,63.27,63.45,63.72,63.57,5.499,6.187,57.366,57.378,9.7,251.7,19.012,11.796,0.47,50,200,3,hf,query+value,expandable_segments:True,ok
facebook/xlm-roberta-xl,float16,2000,32,8,128,123.27,123.57,123.73,134.32,124.45,10.948,12.173,112.309,112.281,9.8,257.1,19.149,11.796,0.46,50,200,3,hf,query+value,expandable_segments:True,ok
facebook/xlm-roberta-xl,float16,2000,64,8,128,245.46,248.38,354.09,368.92,252.71,22.361,29.682,223.065,223.028,11.7,253.3,19.423,11.796,0.46,50,200,3,hf,query+value,expandable_segments:True,ok
facebook/xlm-roberta-xl,float16,2000,128,8,128,529.35,642.18,649.01,656.59,546.41,44.743,61.936,484.491,484.469,11.3,234.3,19.972,11.796,0.46,50,200,3,hf,query+value,expandable_segments:True,ok
facebook/xlm-roberta-xl,float16,4000,8,8,128,34.78,34.86,34.9,35.02,35.35,2.764,3.321,32.018,32.026,9.4,226.3,30.843,23.593,0.92,50,200,3,hf,query+value,expandable_segments:True,ok
facebook/xlm-roberta-xl,float16,4000,16,8,128,62.76,62.86,62.89,63.1,63.29,5.443,5.965,57.323,57.326,9.4,252.8,30.912,23.593,0.92,50,200,3,hf,query+value,expandable_segments:True,ok
facebook/xlm-roberta-xl,float16,4000,32,8,128,122.92,123.12,123.2,126.27,122.97,10.8,10.865,112.134,112.109,8.8,260.2,31.049,23.593,0.92,50,200,3,hf,query+value,expandable_segments:True,ok
facebook/xlm-roberta-xl,float16,4000,64,8,128,244.66,245.16,251.02,364.41,250.4,21.862,27.615,222.803,222.784,11.0,255.6,31.323,23.593,0.92,50,200,3,hf,query+value,expandable_segments:True,ok
facebook/xlm-roberta-xl,float16,4000,128,8,128,526.63,635.52,639.61,654.28,542.11,44.107,59.785,482.296,482.323,11.0,236.1,31.872,23.593,0.91,50,200,3,hf,query+value,expandable_segments:True,ok
facebook/xlm-roberta-xl,float16,6000,8,8,128,34.8,34.98,35.18,35.51,34.85,2.738,2.767,32.067,32.08,7.9,229.6,42.743,35.389,1.54,50,200,3,hf,query+value,expandable_segments:True,ok
facebook/xlm-roberta-xl,float16,6000,16,8,128,62.9,63.15,63.55,66.57,63.02,5.444,5.578,57.453,57.443,8.9,253.9,42.811,35.389,1.46,50,200,3,hf,query+value,expandable_segments:True,ok
facebook/xlm-roberta-xl,float16,6000,32,8,128,123.19,123.48,123.71,125.95,123.99,10.781,11.592,112.406,112.397,9.3,258.1,42.949,35.389,1.4,50,200,3,hf,query+value,expandable_segments:True,ok
facebook/xlm-roberta-xl,float16,6000,64,8,128,245.15,248.18,270.38,377.58,251.95,22.193,28.942,222.928,223.005,11.5,254.0,43.223,35.389,1.38,50,200,3,hf,query+value,expandable_segments:True,ok
facebook/xlm-roberta-xl,float16,6000,128,8,128,526.7,636.85,642.4,656.07,542.03,43.845,59.228,482.838,482.8,10.9,236.2,43.772,35.389,1.41,50,200,3,hf,query+value,expandable_segments:True,ok
facebook/xlm-roberta-xl,float16,8000,8,8,128,34.72,34.76,34.77,34.86,34.72,2.741,2.744,31.979,31.98,7.9,230.4,54.643,47.186,1.84,50,200,3,hf,query+value,expandable_segments:True,ok
facebook/xlm-roberta-xl,float16,8000,16,8,128,62.62,62.69,62.72,62.79,62.63,5.381,5.394,57.248,57.236,8.6,255.5,54.711,47.186,1.83,50,200,3,hf,query+value,expandable_segments:True,ok
facebook/xlm-roberta-xl,float16,8000,32,8,128,122.4,122.68,122.79,231.95,124.13,10.597,12.384,111.724,111.745,10.0,257.8,54.849,47.186,1.95,50,200,3,hf,query+value,expandable_segments:True,ok
facebook/xlm-roberta-xl,float16,8000,64,8,128,243.79,244.32,246.3,357.17,248.87,21.309,26.419,222.469,222.456,10.6,257.2,55.123,47.186,1.83,50,200,3,hf,query+value,expandable_segments:True,ok
facebook/xlm-roberta-xl,float16,8000,128,8,128,526.47,640.19,641.72,647.34,540.95,43.053,57.57,483.417,483.383,10.6,236.6,55.672,47.186,1.94,50,200,3,hf,query+value,expandable_segments:True,ok
facebook/xlm-roberta-xl,float16,11000,8,8,128,34.66,34.7,34.73,34.91,34.68,2.725,2.742,31.938,31.938,7.9,230.7,72.493,64.881,2.51,50,200,3,hf,query+value,expandable_segments:True,ok
facebook/xlm-roberta-xl,float16,11000,16,8,128,62.57,62.69,62.76,66.24,62.63,5.359,5.426,57.217,57.205,8.7,255.5,72.561,64.881,2.51,50,200,3,hf,query+value,expandable_segments:True,ok
facebook/xlm-roberta-xl,float16,11000,32,8,128,122.57,122.93,123.03,232.24,124.33,10.673,12.455,111.914,111.879,10.0,257.4,72.698,64.881,2.61,50,200,3,hf,query+value,expandable_segments:True,ok
facebook/xlm-roberta-xl,float16,11000,64,8,128,243.91,244.38,245.54,361.01,249.18,21.404,26.719,222.491,222.461,10.7,256.8,72.973,64.881,2.51,50,200,3,hf,query+value,expandable_segments:True,ok
facebook/xlm-roberta-xl,float16,11000,128,8,128,525.9,637.41,643.35,665.92,539.97,43.194,57.306,482.689,482.665,10.6,237.1,73.522,64.881,2.61,50,200,3,hf,query+value,expandable_segments:True,ok
facebook/xlm-roberta-xl,float16,100,8,8,128,34.71,34.85,34.91,34.99,35.23,2.751,3.258,31.95,31.973,9.2,227.1,7.638,0.59,0.02,50,200,4,hf,query+value,expandable_segments:True,ok
facebook/xlm-roberta-xl,float16,100,16,8,128,62.64,62.74,62.79,62.98,63.13,5.441,5.925,57.202,57.206,9.4,253.4,7.707,0.59,0.02,50,200,4,hf,query+value,expandable_segments:True,ok
facebook/xlm-roberta-xl,float16,100,32,8,128,122.61,122.8,122.86,123.16,123.19,10.711,11.354,111.898,111.833,9.2,259.8,7.844,0.59,0.02,50,200,4,hf,query+value,expandable_segments:True,ok
facebook/xlm-roberta-xl,float16,100,64,8,128,244.43,246.7,335.0,353.54,250.12,21.996,27.697,222.445,222.424,11.1,255.9,8.118,0.59,0.02,50,200,4,hf,query+value,expandable_segments:True,ok
facebook/xlm-roberta-xl,float16,100,128,8,128,529.43,628.48,633.01,682.85,546.53,44.261,61.494,485.127,485.036,11.3,234.2,8.667,0.59,0.02,50,200,4,hf,query+value,expandable_segments:True,ok
facebook/xlm-roberta-xl,float16,1000,8,8,128,34.77,34.89,34.98,36.71,35.32,2.748,3.288,32.024,32.036,9.3,226.5,12.993,5.898,0.23,50,200,4,hf,query+value,expandable_segments:True,ok
facebook/xlm-roberta-xl,float16,1000,16,8,128,62.71,62.82,62.94,63.26,63.24,5.418,5.96,57.287,57.282,9.4,253.0,13.062,5.898,0.23,50,200,4,hf,query+value,expandable_segments:True,ok
facebook/xlm-roberta-xl,float16,1000,32,4,128,123.41,124.15,125.76,149.97,124.51,10.681,11.782,112.621,112.724,9.5,257.0,10.25,2.949,0.23,50,200,4,hf,query+value,expandable_segments:True,ok
facebook/xlm-roberta-xl,float16,1000,32,8,128,122.77,122.95,123.07,123.49,123.26,10.658,11.179,112.127,112.08,9.1,259.6,13.199,5.898,0.23,50,200,4,hf,query+value,expandable_segments:True,ok
facebook/xlm-roberta-xl,float16,1000,32,16,128,123.03,123.21,123.32,126.45,124.0,10.683,11.704,112.351,112.299,9.4,258.1,19.097,11.796,0.23,50,200,4,hf,query+value,expandable_segments:True,ok
facebook/xlm-roberta-xl,float16,1000,32,32,128,123.41,123.91,124.2,237.79,125.51,10.622,12.742,112.79,112.771,10.2,255.0,30.894,23.593,0.22,50,200,4,hf,query+value,expandable_segments:True,ok
facebook/xlm-roberta-xl,float16,1000,64,8,128,244.59,246.25,358.29,377.58,251.54,21.905,28.927,222.641,222.618,11.5,254.4,13.473,5.898,0.22,50,200,4,hf,query+value,expandable_segments:True,ok
facebook/xlm-roberta-xl,float16,1000,128,8,128,528.54,649.03,654.81,672.05,546.93,44.055,62.565,484.417,484.361,11.4,234.0,14.022,5.898,0.22,50,200,4,hf,query+value,expandable_segments:True,ok
facebook/xlm-roberta-xl,float16,2000,8,8,128,34.68,34.83,34.87,34.9,34.7,2.69,2.691,31.991,32.012,7.8,230.5,18.943,11.796,0.44,50,200,4,hf,query+value,expandable_segments:True,ok
facebook/xlm-roberta-xl,float16,2000,16,8,128,62.71,63.05,63.18,65.18,62.81,5.438,5.534,57.261,57.278,8.8,254.7,19.012,11.796,0.44,50,200,4,hf,query+value,expandable_segments:True,ok
facebook/xlm-roberta-xl,float16,2000,32,8,128,122.61,123.05,123.7,125.68,123.44,10.582,11.43,112.052,112.006,9.3,259.2,19.149,11.796,0.57,50,200,4,hf,query+value,expandable_segments:True,ok
facebook/xlm-roberta-xl,float16,2000,64,8,128,244.34,246.05,358.92,380.21,251.57,21.681,28.984,222.61,222.59,11.5,254.4,19.423,11.796,0.44,50,200,4,hf,query+value,expandable_segments:True,ok
facebook/xlm-roberta-xl,float16,2000,128,8,128,526.88,642.52,645.37,660.05,544.26,42.677,60.136,484.169,484.127,11.0,235.2,19.972,11.796,0.44,50,200,4,hf,query+value,expandable_segments:True,ok
facebook/xlm-roberta-xl,float16,4000,8,8,128,34.58,34.61,34.61,34.67,34.58,2.673,2.675,31.907,31.906,7.7,231.3,30.843,23.593,0.87,50,200,4,hf,query+value,expandable_segments:True,ok
facebook/xlm-roberta-xl,float16,4000,16,8,128,62.4,62.46,62.47,62.52,62.98,5.246,5.835,57.155,57.141,9.3,254.1,30.912,23.593,0.87,50,200,4,hf,query+value,expandable_segments:True,ok
facebook/xlm-roberta-xl,float16,4000,32,8,128,122.16,122.54,122.68,237.32,123.97,10.449,12.275,111.664,111.693,9.9,258.1,31.049,23.593,0.87,50,200,4,hf,query+value,expandable_segments:True,ok
facebook/xlm-roberta-xl,float16,4000,64,8,128,243.1,243.76,261.88,363.37,249.09,21.016,26.936,222.081,222.157,10.8,256.9,31.323,23.593,0.88,50,200,4,hf,query+value,expandable_segments:True,ok
facebook/xlm-roberta-xl,float16,4000,128,8,128,524.0,625.42,642.82,650.26,538.78,42.245,57.1,481.715,481.682,10.6,237.6,31.872,23.593,1.0,50,200,4,hf,query+value,expandable_segments:True,ok
facebook/xlm-roberta-xl,float16,6000,8,8,128,34.61,34.64,34.64,34.67,34.61,2.662,2.666,31.942,31.942,7.7,231.2,42.743,35.389,1.41,50,200,4,hf,query+value,expandable_segments:True,ok
facebook/xlm-roberta-xl,float16,6000,16,8,128,62.45,62.51,62.58,62.85,62.46,5.238,5.253,57.213,57.21,8.4,256.2,42.811,35.389,1.41,50,200,4,hf,query+value,expandable_segments:True,ok
facebook/xlm-roberta-xl,float16,6000,32,8,128,122.17,122.56,122.7,124.83,123.34,10.527,11.668,111.602,111.668,9.5,259.5,42.949,35.389,1.31,50,200,4,hf,query+value,expandable_segments:True,ok
facebook/xlm-roberta-xl,float16,6000,64,8,128,243.48,244.41,296.8,373.33,249.79,21.043,27.405,222.43,222.384,11.0,256.2,43.223,35.389,1.32,50,200,4,hf,query+value,expandable_segments:True,ok
facebook/xlm-roberta-xl,float16,6000,128,8,128,524.87,630.35,633.48,650.46,539.42,42.202,56.84,482.607,482.576,10.5,237.3,43.772,35.389,1.32,50,200,4,hf,query+value,expandable_segments:True,ok
facebook/xlm-roberta-xl,float16,8000,8,8,128,34.57,34.72,35.22,35.84,34.65,2.668,2.716,31.91,31.932,7.8,230.9,54.643,47.186,1.89,50,200,4,hf,query+value,expandable_segments:True,ok
facebook/xlm-roberta-xl,float16,8000,16,8,128,62.45,62.6,62.69,63.41,63.24,5.298,6.096,57.15,57.147,9.6,253.0,54.711,47.186,1.95,50,200,4,hf,query+value,expandable_segments:True,ok
facebook/xlm-roberta-xl,float16,8000,32,8,128,122.4,122.88,123.1,230.01,124.2,10.736,12.605,111.531,111.593,10.1,257.7,54.849,47.186,1.85,50,200,4,hf,query+value,expandable_segments:True,ok
facebook/xlm-roberta-xl,float16,8000,64,8,128,243.65,244.25,246.86,351.37,248.7,20.984,26.041,222.678,222.661,10.5,257.3,55.123,47.186,1.74,50,200,4,hf,query+value,expandable_segments:True,ok
facebook/xlm-roberta-xl,float16,8000,128,8,128,526.47,636.28,644.88,662.12,541.43,42.903,58.003,483.455,483.429,10.7,236.4,55.672,47.186,1.86,50,200,4,hf,query+value,expandable_segments:True,ok
facebook/xlm-roberta-xl,float16,11000,8,8,128,34.68,34.75,34.79,34.83,34.68,2.75,2.757,31.925,31.926,7.9,230.7,72.493,64.881,2.49,50,200,4,hf,query+value,expandable_segments:True,ok
facebook/xlm-roberta-xl,float16,11000,16,8,128,62.64,62.82,62.88,64.12,62.7,5.397,5.448,57.251,57.253,8.7,255.2,72.561,64.881,2.5,50,200,4,hf,query+value,expandable_segments:True,ok
facebook/xlm-roberta-xl,float16,11000,32,8,128,122.13,122.72,123.23,263.5,125.23,10.599,13.68,111.502,111.549,10.9,255.5,72.698,64.881,2.72,50,200,4,hf,query+value,expandable_segments:True,ok
facebook/xlm-roberta-xl,float16,11000,64,8,128,243.28,243.81,244.3,360.37,248.42,20.87,26.053,222.375,222.371,10.5,257.6,72.973,64.881,2.38,50,200,4,hf,query+value,expandable_segments:True,ok
facebook/xlm-roberta-xl,float16,11000,128,8,128,524.58,632.38,636.59,656.2,538.08,42.122,55.723,482.372,482.353,10.4,237.9,73.522,64.881,2.38,50,200,4,hf,query+value,expandable_segments:True,ok
facebook/xlm-roberta-xl,float16,100,8,8,128,34.57,34.61,34.64,34.77,34.58,2.691,2.693,31.881,31.886,7.8,231.4,7.638,0.59,0.02,50,200,5,hf,query+value,expandable_segments:True,ok
facebook/xlm-roberta-xl,float16,100,16,8,128,62.46,62.55,62.58,62.7,62.47,5.332,5.336,57.131,57.136,8.5,256.1,7.707,0.59,0.02,50,200,5,hf,query+value,expandable_segments:True,ok
facebook/xlm-roberta-xl,float16,100,32,8,128,122.54,123.03,123.23,217.0,124.11,10.827,12.413,111.741,111.696,10.0,257.8,7.844,0.59,0.02,50,200,5,hf,query+value,expandable_segments:True,ok
facebook/xlm-roberta-xl,float16,100,64,8,128,243.85,245.17,345.91,364.9,250.45,21.603,28.226,222.265,222.22,11.3,255.5,8.118,0.59,0.03,50,200,5,hf,query+value,expandable_segments:True,ok
facebook/xlm-roberta-xl,float16,100,128,8,128,529.17,630.35,649.89,656.98,545.83,44.058,60.83,485.043,484.998,11.1,234.5,8.667,0.59,0.02,50,200,5,hf,query+value,expandable_segments:True,ok
facebook/xlm-roberta-xl,float16,1000,8,8,128,34.73,34.78,34.82,34.95,34.74,2.708,2.716,32.018,32.025,7.8,230.3,12.993,5.898,0.23,50,200,5,hf,query+value,expandable_segments:True,ok
facebook/xlm-roberta-xl,float16,1000,16,8,128,62.73,62.97,63.09,63.38,63.38,5.442,6.072,57.3,57.304,9.6,252.5,13.062,5.898,0.23,50,200,5,hf,query+value,expandable_segments:True,ok
facebook/xlm-roberta-xl,float16,1000,32,4,128,123.08,123.55,123.65,220.17,124.7,10.517,12.084,112.516,112.616,9.7,256.6,10.25,2.949,0.22,50,200,5,hf,query+value,expandable_segments:True,ok
facebook/xlm-roberta-xl,float16,1000,32,8,128,122.52,122.81,123.07,123.48,123.2,10.606,11.29,111.944,111.906,9.2,259.7,13.199,5.898,0.23,50,200,5,hf,query+value,expandable_segments:True,ok
facebook/xlm-roberta-xl,float16,1000,32,16,128,122.73,122.9,123.0,123.95,123.35,10.375,11.025,112.379,112.322,8.9,259.4,19.097,11.796,0.22,50,200,5,hf,query+value,expandable_segments:True,ok
facebook/xlm-roberta-xl,float16,1000,32,32,128,123.23,123.44,123.58,125.29,124.39,10.383,11.611,112.814,112.777,9.3,257.3,30.894,23.593,0.22,50,200,5,hf,query+value,expandable_segments:True,ok
facebook/xlm-roberta-xl,float16,1000,64,8,128,244.06,245.04,348.28,372.07,250.71,21.541,28.196,222.519,222.511,11.2,255.3,13.473,5.898,0.22,50,200,5,hf,query+value,expandable_segments:True,ok
facebook/xlm-roberta-xl,float16,1000,128,8,128,527.84,631.55,633.5,637.44,543.13,43.606,58.949,484.211,484.178,10.9,235.7,14.022,5.898,0.23,50,200,5,hf,query+value,expandable_segments:True,ok
facebook/xlm-roberta-xl,float16,2000,8,8,128,34.87,35.13,35.47,38.03,34.98,2.83,2.922,32.028,32.061,8.4,228.7,18.943,11.796,0.44,50,200,5,hf,query+value,expandable_segments:True,ok
facebook/xlm-roberta-xl,float16,2000,16,8,128,62.83,63.43,64.35,68.0,63.96,5.629,6.724,57.207,57.236,10.5,250.2,19.012,11.796,0.47,50,200,5,hf,query+value,expandable_segments:True,ok
facebook/xlm-roberta-xl,float16,2000,32,8,128,122.69,124.01,125.04,138.82,125.04,10.882,13.231,111.813,111.81,10.6,255.9,19.149,11.796,0.46,50,200,5,hf,query+value,expandable_segments:True,ok
facebook/xlm-roberta-xl,float16,2000,64,8,128,244.26,246.66,341.93,365.01,250.88,21.718,28.213,222.607,222.668,11.2,255.1,19.423,11.796,0.47,50,200,5,hf,query+value,expandable_segments:True,ok
facebook/xlm-roberta-xl,float16,2000,128,8,128,529.71,658.33,697.8,746.08,552.78,45.137,68.388,484.413,484.391,12.4,231.6,19.972,11.796,0.45,50,200,5,hf,query+value,expandable_segments:True,ok
facebook/xlm-roberta-xl,float16,4000,8,8,128,34.86,35.52,37.57,38.06,35.89,2.848,3.814,32.003,32.072,10.6,222.9,30.843,23.593,0.89,50,200,5,hf,query+value,expandable_segments:True,ok
facebook/xlm-roberta-xl,float16,4000,16,8,128,62.91,63.29,63.49,66.35,63.74,5.634,6.425,57.26,57.318,10.1,251.0,30.912,23.593,0.96,50,200,5,hf,query+value,expandable_segments:True,ok
facebook/xlm-roberta-xl,float16,4000,32,8,128,122.66,123.39,123.7,124.0,122.74,10.825,10.927,111.776,111.817,8.9,260.7,31.049,23.593,0.92,50,200,5,hf,query+value,expandable_segments:True,ok
facebook/xlm-roberta-xl,float16,4000,64,8,128,244.18,245.81,258.93,399.13,251.61,21.698,29.168,222.438,222.442,11.6,254.4,31.323,23.593,0.89,50,200,5,hf,query+value,expandable_segments:True,ok
facebook/xlm-roberta-xl,float16,4000,128,8,128,524.49,626.48,642.18,660.31,539.68,42.52,57.835,481.885,481.845,10.7,237.2,31.872,23.593,0.94,50,200,5,hf,query+value,expandable_segments:True,ok
facebook/xlm-roberta-xl,float16,6000,8,8,128,34.65,34.7,34.79,35.11,34.67,2.699,2.701,31.951,31.968,7.8,230.8,42.743,35.389,1.46,50,200,5,hf,query+value,expandable_segments:True,ok
facebook/xlm-roberta-xl,float16,6000,16,8,128,62.46,62.5,62.52,62.57,62.46,5.254,5.256,57.2,57.2,8.4,256.2,42.811,35.389,1.31,50,200,5,hf,query+value,expandable_segments:True,ok
facebook/xlm-roberta-xl,float16,6000,32,8,128,122.07,122.3,122.38,124.26,122.78,10.307,11.049,111.741,111.733,9.0,260.6,42.949,35.389,1.3,50,200,5,hf,query+value,expandable_segments:True,ok
facebook/xlm-roberta-xl,float16,6000,64,8,128,243.79,245.48,268.0,361.66,249.63,21.267,27.225,222.431,222.405,10.9,256.4,43.223,35.389,1.3,50,200,5,hf,query+value,expandable_segments:True,ok
facebook/xlm-roberta-xl,float16,6000,128,8,128,525.05,631.3,635.83,643.69,539.42,42.317,56.806,482.637,482.613,10.5,237.3,43.772,35.389,1.3,50,200,5,hf,query+value,expandable_segments:True,ok
facebook/xlm-roberta-xl,float16,8000,8,8,128,34.57,34.62,34.7,34.76,34.59,2.67,2.676,31.904,31.911,7.7,231.3,54.643,47.186,1.74,50,200,5,hf,query+value,expandable_segments:True,ok
facebook/xlm-roberta-xl,float16,8000,16,8,128,62.4,62.44,62.47,62.71,62.41,5.242,5.249,57.156,57.159,8.4,256.4,54.711,47.186,1.74,50,200,5,hf,query+value,expandable_segments:True,ok
facebook/xlm-roberta-xl,float16,8000,32,8,128,122.14,122.4,122.51,227.73,123.8,10.344,12.084,111.72,111.719,9.8,258.5,54.849,47.186,1.88,50,200,5,hf,query+value,expandable_segments:True,ok
facebook/xlm-roberta-xl,float16,8000,64,8,128,243.8,244.84,245.45,355.5,248.8,21.147,26.206,222.611,222.597,10.5,257.2,55.123,47.186,1.74,50,200,5,hf,query+value,expandable_segments:True,ok
facebook/xlm-roberta-xl,float16,8000,128,8,128,526.2,634.21,645.81,671.94,541.45,42.598,57.842,483.567,483.605,10.7,236.4,55.672,47.186,1.85,50,200,5,hf,query+value,expandable_segments:True,ok
facebook/xlm-roberta-xl,float16,11000,8,8,128,34.69,34.76,34.79,34.9,34.7,2.754,2.757,31.94,31.947,7.9,230.5,72.493,64.881,2.38,50,200,5,hf,query+value,expandable_segments:True,ok
facebook/xlm-roberta-xl,float16,11000,16,8,128,62.56,62.64,62.67,62.94,62.58,5.307,5.32,57.262,57.26,8.5,255.7,72.561,64.881,2.39,50,200,5,hf,query+value,expandable_segments:True,ok
facebook/xlm-roberta-xl,float16,11000,32,8,128,122.25,122.63,122.79,251.03,124.38,10.755,12.883,111.505,111.501,10.4,257.3,72.698,64.881,2.56,50,200,5,hf,query+value,expandable_segments:True,ok
facebook/xlm-roberta-xl,float16,11000,64,8,128,243.35,244.09,245.21,357.32,248.46,20.952,26.056,222.438,222.405,10.5,257.6,72.973,64.881,2.39,50,200,5,hf,query+value,expandable_segments:True,ok
facebook/xlm-roberta-xl,float16,11000,128,8,128,525.16,635.29,651.55,667.09,539.67,42.58,57.164,482.519,482.509,10.6,237.2,73.522,64.881,2.65,50,200,5,hf,query+value,expandable_segments:True,ok
